{"_runtime": 30.79367971420288, "_timestamp": 1632244541.7312078, "_step": 29, "metric1": 128.00224583800798}
