{"_timestamp": 1632252087.5607092, "_step": 29, "metric1": 128.00031504363866, "_runtime": 32.18370032310486}
