{"metric1": 128.00753262899522, "_step": 29, "_runtime": 146.5302770137787, "_timestamp": 1632244031.190018}
